Session Start Date,Event,Session Name,Session Start,Session End,Tag Description,Tag Notes,Tag Start,Tag End,Tag Duration (secs),Partido,Resultado ,Rueda,Etapa
06-09-26,TOP 14 2026,Tilos - Alumni,20:59:58,22:26:58,Ball in Play,,0:00:57,0:01:29,32.64,Alumni,Perdido,IDA,Unica
06-09-26,TOP 14 2026,Tilos - Alumni,20:59:58,22:26:58,Ball in Play,,0:01:52,0:01:55,3,Alumni,Perdido,IDA,Unica
06-09-26,TOP 14 2026,Tilos - Alumni,20:59:58,22:26:58,Ball in Play,,0:03:29,0:03:48,18.82,Alumni,Perdido,IDA,Unica
06-09-26,TOP 14 2026,Tilos - Alumni,20:59:58,22:26:58,Ball in Play,Verde - Scrum,0:04:47,0:06:51,124.34,Alumni,Perdido,IDA,Unica
06-09-26,TOP 14 2026,Tilos - Alumni,20:59:58,22:26:58,Ball in Play,,0:08:20,0:08:32,12.1,Alumni,Perdido,IDA,Unica
06-09-26,TOP 14 2026,Tilos - Alumni,20:59:58,22:26:58,Ball in Play,,0:09:06,0:09:23,17.08,Alumni,Perdido,IDA,Unica
06-09-26,TOP 14 2026,Tilos - Alumni,20:59:58,22:26:58,Ball in Play,Verde - Drop In Goal,0:09:53,0:11:40,106.84,Alumni,Perdido,IDA,Unica
06-09-26,TOP 14 2026,Tilos - Alumni,20:59:58,22:26:58,Ball in Play,Rojo - Line Out,0:14:01,0:15:11,70.3,Alumni,Perdido,IDA,Unica
06-09-26,TOP 14 2026,Tilos - Alumni,20:59:58,22:26:58,Ball in Play,,0:15:43,0:16:26,42.8,Alumni,Perdido,IDA,Unica
06-09-26,TOP 14 2026,Tilos - Alumni,20:59:58,22:26:58,Ball in Play,,0:18:10,0:18:38,28.179,Alumni,Perdido,IDA,Unica
06-09-26,TOP 14 2026,Tilos - Alumni,20:59:58,22:26:58,Ball in Play,,0:19:07,0:19:37,29.44,Alumni,Perdido,IDA,Unica
06-09-26,TOP 14 2026,Tilos - Alumni,20:59:58,22:26:58,Ball in Play,,0:20:25,0:21:06,41,Alumni,Perdido,IDA,Unica
06-09-26,TOP 14 2026,Tilos - Alumni,20:59:58,22:26:58,Ball in Play,,0:21:56,0:22:18,21.68,Alumni,Perdido,IDA,Unica
06-09-26,TOP 14 2026,Tilos - Alumni,20:59:58,22:26:58,Ball in Play,,0:22:58,0:23:37,38.94,Alumni,Perdido,IDA,Unica
06-09-26,TOP 14 2026,Tilos - Alumni,20:59:58,22:26:58,Ball in Play,,0:25:12,0:25:30,17.5,Alumni,Perdido,IDA,Unica
06-09-26,TOP 14 2026,Tilos - Alumni,20:59:58,22:26:58,Ball in Play,,0:25:59,0:26:41,42.5,Alumni,Perdido,IDA,Unica
06-09-26,TOP 14 2026,Tilos - Alumni,20:59:58,22:26:58,Ball in Play,,0:28:22,0:28:30,7.8,Alumni,Perdido,IDA,Unica
06-09-26,TOP 14 2026,Tilos - Alumni,20:59:58,22:26:58,Ball in Play,,0:29:50,0:30:58,67.88,Alumni,Perdido,IDA,Unica
06-09-26,TOP 14 2026,Tilos - Alumni,20:59:58,22:26:58,Ball in Play,,0:31:32,0:31:55,22.88,Alumni,Perdido,IDA,Unica
06-09-26,TOP 14 2026,Tilos - Alumni,20:59:58,22:26:58,Ball in Play,Verde - Scrum,0:33:07,0:34:19,72,Alumni,Perdido,IDA,Unica
06-09-26,TOP 14 2026,Tilos - Alumni,20:59:58,22:26:58,Ball in Play,,0:36:54,0:37:01,7.8,Alumni,Perdido,IDA,Unica
06-09-26,TOP 14 2026,Tilos - Alumni,20:59:58,22:26:58,Ball in Play,,0:38:42,0:39:27,44.52,Alumni,Perdido,IDA,Unica
06-09-26,TOP 14 2026,Tilos - Alumni,20:59:58,22:26:58,Ball in Play,,0:40:22,0:40:39,16.9,Alumni,Perdido,IDA,Unica
06-09-26,TOP 14 2026,Tilos - Alumni,20:59:58,22:26:58,Ball in Play,,0:41:10,0:41:45,35.14,Alumni,Perdido,IDA,Unica
06-09-26,TOP 14 2026,Tilos - Alumni,20:59:58,22:26:58,Ball in Play,Verde - Try,0:42:43,0:43:57,73.94,Alumni,Perdido,IDA,Unica
06-09-26,TOP 14 2026,Tilos - Alumni,20:59:58,22:26:58,Ball in Play,Verde - Penal,0:45:19,0:46:31,71.899,Alumni,Perdido,IDA,Unica
06-09-26,TOP 14 2026,Tilos - Alumni,20:59:58,22:26:58,Ball in Play,,0:46:43,0:46:56,13.4,Alumni,Perdido,IDA,Unica
06-09-26,TOP 14 2026,Tilos - Alumni,20:59:58,22:26:58,Ball in Play,,0:47:23,0:47:56,32.94,Alumni,Perdido,IDA,Unica
06-09-26,TOP 14 2026,Tilos - Alumni,20:59:58,22:26:58,Ball in Play,,0:49:51,0:50:20,29.84,Alumni,Perdido,IDA,Unica
06-09-26,TOP 14 2026,Tilos - Alumni,20:59:58,22:26:58,Ball in Play,,0:50:56,0:51:46,50.489,Alumni,Perdido,IDA,Unica
06-09-26,TOP 14 2026,Tilos - Alumni,20:59:58,22:26:58,Ball in Play,,0:52:49,0:53:06,16.601,Alumni,Perdido,IDA,Unica
06-09-26,TOP 14 2026,Tilos - Alumni,20:59:58,22:26:58,Ball in Play,,0:53:50,0:53:52,1.436,Alumni,Perdido,IDA,Unica
06-09-26,TOP 14 2026,Tilos - Alumni,20:59:58,22:26:58,Ball in Play,,0:54:39,0:55:25,45.834,Alumni,Perdido,IDA,Unica
06-09-26,TOP 14 2026,Tilos - Alumni,20:59:58,22:26:58,Ball in Play,,0:56:17,0:56:26,8.345,Alumni,Perdido,IDA,Unica
06-09-26,TOP 14 2026,Tilos - Alumni,20:59:58,22:26:58,Ball in Play,Rojo - Try,0:58:05,0:59:53,108.535,Alumni,Perdido,IDA,Unica
06-09-26,TOP 14 2026,Tilos - Alumni,20:59:58,22:26:58,Ball in Play,,1:01:37,1:02:23,45.855,Alumni,Perdido,IDA,Unica
06-09-26,TOP 14 2026,Tilos - Alumni,20:59:58,22:26:58,Ball in Play,,1:03:03,1:03:30,27.888,Alumni,Perdido,IDA,Unica
06-09-26,TOP 14 2026,Tilos - Alumni,20:59:58,22:26:58,Ball in Play,,1:04:24,1:05:08,44.301,Alumni,Perdido,IDA,Unica
06-09-26,TOP 14 2026,Tilos - Alumni,20:59:58,22:26:58,Ball in Play,,1:06:52,1:07:45,52.997,Alumni,Perdido,IDA,Unica
06-09-26,TOP 14 2026,Tilos - Alumni,20:59:58,22:26:58,Ball in Play,,1:09:34,1:10:08,34.052,Alumni,Perdido,IDA,Unica
06-09-26,TOP 14 2026,Tilos - Alumni,20:59:58,22:26:58,Ball in Play,,1:10:30,1:11:27,57.177,Alumni,Perdido,IDA,Unica
06-09-26,TOP 14 2026,Tilos - Alumni,20:59:58,22:26:58,Ball in Play,Rojo - Try,1:13:24,1:14:26,62.028,Alumni,Perdido,IDA,Unica
06-09-26,TOP 14 2026,Tilos - Alumni,20:59:58,22:26:58,Ball in Play,,1:16:11,1:16:26,15.051,Alumni,Perdido,IDA,Unica
06-09-26,TOP 14 2026,Tilos - Alumni,20:59:58,22:26:58,Ball in Play,,1:17:18,1:17:38,19.335,Alumni,Perdido,IDA,Unica
06-09-26,TOP 14 2026,Tilos - Alumni,20:59:58,22:26:58,Ball in Play,,1:17:44,1:18:43,58.64,Alumni,Perdido,IDA,Unica
06-09-26,TOP 14 2026,Tilos - Alumni,20:59:58,22:26:58,Ball in Play,,1:20:32,1:20:45,12.54,Alumni,Perdido,IDA,Unica
06-09-26,TOP 14 2026,Tilos - Alumni,20:59:58,22:26:58,Ball in Play,,1:21:08,1:21:18,9.842,Alumni,Perdido,IDA,Unica
06-09-26,TOP 14 2026,Tilos - Alumni,20:59:58,22:26:58,Ball in Play,,1:22:21,1:22:36,14.774,Alumni,Perdido,IDA,Unica
06-09-26,TOP 14 2026,Tilos - Alumni,20:59:58,22:26:58,Ball in Play,Verde - Scrum,1:24:13,1:26:48,155.044,Alumni,Perdido,IDA,Unica
